<?xml version="1.0" encoding="utf-8"?>
<extension type="component" version="3.0" method="upgrade">

	<name>Progress Tool</name>
	<creationDate>July 2020</creationDate>
	<author>Morgan Nolan</author>
	<authorEmail>morgan.nolan@hotmail.com</authorEmail>
	<authorUrl>https://github.com/morghayn</authorUrl>
	<copyright>Copyright Info</copyright>
	<license>License Info</license>
	<version>0.5.1</version>
	<description>Progress Tool</description>

	<install>
		<sql>
			<file driver="mysql" charset="utf8">sql/install.mysql.utf8.sql</file>
		</sql>
	</install>
	<uninstall>
		<sql>
			<file driver="mysql" charset="utf8">sql/uninstall.mysql.utf8.sql</file>
		</sql>
	</uninstall>

	<update>
		<schemas>
			<schemapath type="mysql">sql/updates/mysql</schemapath>
		</schemas>
	</update>

	<files folder="site">
		<folder>models</folder>
		<folder>views</folder>
		<folder>helpers</folder>
		<folder>controllers</folder>
		<filename>progresstool.php</filename>
		<filename>controller.php</filename>
		<filename>index.html</filename>
	</files>
	<languages folder="site/language">
		<language tag="en-GB">en-GB/en-GB.com_progresstool.ini</language>
	</languages>

	<media destination="com_progresstool" folder="media">
		<folder>css</folder>
		<folder>forms</folder>
		<folder>rules</folder>
		<folder>js</folder>
		<folder>icons</folder>
		<filename>index.html</filename>
	</media>

	<administration>
		<menu link='index.php?option=com_progresstool'>Progress Tool 😎</menu>
		<files folder="admin">
			<folder>models</folder>
			<folder>views</folder>
			<folder>controllers</folder>
			<folder>sql</folder>
			<filename>progresstool.php</filename>
			<filename>controller.php</filename>
			<filename>index.html</filename>
		</files>
		<languages folder="admin/language">
			<language tag="en-GB">en-GB/en-GB.com_progresstool.ini</language>
			<language tag="en-GB">en-GB/en-GB.com_progresstool.sys.ini</language>
		</languages>
	</administration>

</extension>